entrant_type,n_first_questions,direct_complexity_index,exposure_index,score,is_current_accepted_answer,first_answer_1d,accepted_30d,title_length_chars,body_word_count,code_char_count,tag_count_full,has_edit
brand_new_platform,66971,0.005665297482614919,0.12512159549437524,0.662450911588598,0.15538068716310044,0.641143181377014,0.1970554419076914,64.34152095683206,195.84672470173658,2154.8432754475816,3.4159262964566754,0.5743082826895223
established_cross_tag,87823,-0.00417290104833562,-0.02858450940696799,0.9682087835760563,0.22129738223472212,0.6284116916980745,0.24011933092697813,64.11994580007516,194.30292747913415,2059.4429932933285,3.4568165514728486,0.543354246609658
low_tenure_existing,6921,-0.0018687977084570749,0.19833844025553785,0.4665510764340413,0.2706256321340847,0.7602947550931947,0.25429851177575497,63.30140153157058,187.13899725473198,1993.5171218032076,3.3701777199826615,0.5961566247652074
