outcome,placebo_month,level_coef,level_pval,slope_coef,slope_pval
log_questions,2022-07,-0.004607807574627133,0.7239871366546011,-7.1105652771442254e-06,0.9987861429407936
mean_log_views,2022-07,-0.01416619094944143,0.4092040288322337,0.015348518363142261,0.1806752590522538
log_questions,2022-09,0.0034206003607680875,0.8359627911909804,-0.0006112926300911717,0.9038516445062077
mean_log_views,2022-09,-0.024549792947875078,0.3585966080157722,0.022249714246757528,0.20280252251844788
log_questions,2023-03,-0.0049558127826248004,0.8231531178335947,-0.004955812782624211,0.8231531178336153
mean_log_views,2023-03,0.047837817613143735,0.2656953622671615,0.04783781761314406,0.26569536226715784
