omitted_tag,log_questions_coef,log_questions_pval,view_level_coef,view_level_pval
bash,-0.26156568414833026,0.018659042394038438,-0.1934363063379634,0.06717323745088097
docker,-0.24593326472975513,0.06762163950869492,-0.21423068622070066,0.09951590301620945
excel-formula,-0.3506283624110292,0.002851336535039476,-0.21155012611069723,0.027850295857201723
kubernetes,-0.2891293927702743,0.08600314749322972,-0.09735200383510281,0.06317325208651209
memory-management,-0.3194539731421363,0.010264908170465542,-0.20160358883448237,0.04660236243396394
multithreading,-0.4135406691972551,4.601295905319173e-08,-0.24279482199077185,0.01913160178240625
numpy,-0.3114308914944266,0.02175503543049382,-0.20154316981638434,0.055367216313204626
powershell,-0.3437740731113358,0.008331552344244712,-0.14821246136672278,0.12528648674824056
