outcome,placebo_month,coef,se,pval
accepted_rate,2022-07,0.007081316354397196,0.007823217813295482,0.36537707347511006
mean_log_answers,2022-07,-0.0020123990725228746,0.01478669838157371,0.891746000740452
log_questions,2022-07,0.02339271513929453,0.02153831779476119,0.27743581665152284
accepted_rate,2022-09,-0.009335903437210497,0.011361873975670176,0.4112550951205318
mean_log_answers,2022-09,-0.014014332806108518,0.01002070372232458,0.16195163374564758
log_questions,2022-09,0.06216075941320387,0.025362234829955706,0.0142492386034619
accepted_rate,2023-03,-0.005634200524033177,0.011695530483404494,0.6299909200888574
mean_log_answers,2023-03,0.005391756962682716,0.014245076704589927,0.705059432046337
log_questions,2023-03,0.014603307303729496,0.03601464454817221,0.6851228958210511
