exposure_tercile,post_chatgpt,weighted_accepted_rate,weighted_mean_log_answers,period
Low,0,0.35523768524652705,0.5860522121700149,pre
Low,1,0.28893121693121687,0.49937661241793435,post
Middle,0,0.2842616462255553,0.48479749582469556,pre
Middle,1,0.22969003241491082,0.41903302486115984,post
High,0,0.3193532732241833,0.5200568565517529,pre
High,1,0.2539478516342269,0.43786277044273414,post
