specification,coef,cluster_pval,wild_cluster_pval,successful_draws
accepted_rate_primary,-0.010354445674073275,0.043232490087260135,0.04604604604604605,999
mean_log_answers_primary,-0.022768477139728016,0.03893202187687988,0.06406406406406406,999
accepted_rate_first_focal,-0.012402192971888864,0.002981791378013095,0.024024024024024024,999
accepted_rate_fractional_all_tag,-0.01126740904812758,0.004669538713367581,0.022022022022022022,999
