role,brand_new_platform_share,low_tenure_existing_share,established_cross_tag_share,n_role_rows
accepted_30d,0.10337080085847054,0.10689362959982053,0.7897355695417089,342.0943231441048
accepted_current,0.10296887539899768,0.10685540589812091,0.7901757187028814,741.5982683982684
first_answer,0.13457023530005324,0.10845074988179217,0.7569773371330366,1395.5805340223944
first_positive,0.11359066343997946,0.10406386061398724,0.7823433069934252,823.0146678170837
later_answer,0.15979299635099514,0.0991477495128843,0.7410592541361205,645.6713043478261
top_score,0.13055684936587023,0.1073660677931314,0.7620770276029786,1395.5805340223944
