metric,treated_pre,treated_post,control_pre,control_post,treated_change,control_change,diff_in_diff
ask_questions,0.9825918762088974,1.1001371742112482,0.943342776203966,0.4401114206128134,0.1175452980023508,-0.5032313555911526,0.6207766535935034
ask_high_tag_share,0.5989684074790458,0.6719642040629695,0.6536827195467422,0.266016713091922,0.07299579658392374,-0.3876660064548202,0.46066180303874393
ask_exposure_index_mean,0.25631341670306157,0.23583325214363438,0.2750976455032033,0.18648031504656679,-0.020480164559427194,-0.08861733045663653,0.06813716589720933
answer_count_total,0.3230174081237911,0.33058984910836764,0.20538243626062322,0.20612813370473537,0.007572440984576545,0.0007456974441121533,0.006826743540464392
accepted_current_total,0.11992263056092843,0.1289437585733882,0.11048158640226628,0.11142061281337047,0.009021128012459759,0.0009390264111041879,0.00808210160135557
answer_exposure_index_wavg,0.41491505551782415,0.3603435118672436,0.39591177075625117,0.4034672161255244,-0.054571543650580534,0.007555445369273217,-0.06212698901985375
