sample,spec,y,x,coef,se_cluster_tag,pval_cluster_tag,r2,nobs,n_tags,weight
full_2020_2025,panel_tag_fe_trend_cluster_tag,internal_ai_title_rate,chatgpt_z_sample,0.0009447731162951132,0.00036648598037820976,0.009939576855484975,0.47720939265714046,1147,16,questions
full_2020_2025,panel_tag_fe_trend_cluster_tag,internal_ai_title_log_hits,chatgpt_z_sample,0.1705350956250168,0.0970052428902011,0.07874772221750057,0.9036530328968091,1147,16,questions
full_2020_2025,panel_tag_fe_trend_cluster_tag,internal_chatgpt_title_rate,chatgpt_z_sample,0.00013580620712780225,3.755592204468209e-05,0.00029906757946533696,0.285010182786556,1147,16,questions
full_2020_2025,panel_tag_fe_trend_cluster_tag,internal_chatgpt_title_log_hits,chatgpt_z_sample,0.3477433944245151,0.09929738664905502,0.0004617107413861488,0.42915234648956957,1147,16,questions
post_chatgpt,panel_tag_fe_trend_cluster_tag,internal_ai_title_rate,chatgpt_z_sample,0.0001976258201776797,6.779181744170459e-05,0.003554755560666116,0.5891612424067532,603,16,questions
post_chatgpt,panel_tag_fe_trend_cluster_tag,internal_ai_title_log_hits,chatgpt_z_sample,0.06261051081830765,0.024999829472194205,0.012264626653984303,0.9204944458826229,603,16,questions
post_chatgpt,panel_tag_fe_trend_cluster_tag,internal_chatgpt_title_rate,chatgpt_z_sample,4.6892588034091415e-05,1.3124097386281527e-05,0.0003528954408301419,0.19184207897435335,603,16,questions
post_chatgpt,panel_tag_fe_trend_cluster_tag,internal_chatgpt_title_log_hits,chatgpt_z_sample,0.13883843145956465,0.03746181115050033,0.00021044832834650882,0.42437165401242394,603,16,questions
