metric,treated_pre,treated_post,control_pre,control_post,treated_change,control_change,diff_in_diff
ask_questions,0.30434782608695654,0.22467771639042358,0.3258655804480652,0.09072164948453608,-0.07967010969653296,-0.2351439309635291,0.15547382126699613
ask_high_tag_share,0.15320910973084886,0.13325440673506972,0.17617107942973523,0.05085910652920962,-0.019954702995779144,-0.1253119729005256,0.10535726990474645
ask_exposure_index_mean,0.2136749530079806,0.24688181413665047,0.2569656335447068,0.021876871783185318,0.033206861128669884,-0.2350887617615215,0.2682956228901914
answer_count_total,6.086956521739131,3.3830570902394106,5.780040733197556,3.3402061855670104,-2.7038994314997202,-2.439834547630545,-0.26406488386917504
accepted_current_total,2.9648033126293996,1.7384898710865562,2.545824847250509,1.3752577319587629,-1.2263134415428434,-1.170567115291746,-0.05574632625109732
answer_exposure_index_wavg,0.40424646480115345,0.4107430838064385,0.40602814555673744,0.39780140166405875,0.0064966190052850314,-0.00822674389267869,0.014723362897963721
