metric,treated_pre,treated_post,control_pre,control_post,treated_change,control_change,diff_in_diff
ask_questions,0.2585669781931464,0.31266149870801035,0.38481675392670156,0.09943181818181818,0.054094520514863964,-0.2853849357448834,0.33947945625974735
ask_high_tag_share,0.1573208722741433,0.1744186046511628,0.3067190226876091,0.08806818181818182,0.017097732377019503,-0.21865084086942727,0.23574857324644677
ask_exposure_index_mean,0.1641461817370766,0.3450350214717617,0.2806037698342155,0.29667054038694385,0.1808888397346851,0.01606677055272837,0.16482206918195672
answer_count_total,4.663551401869159,3.5348837209302326,3.8403141361256545,2.164772727272727,-1.1286676809389267,-1.6755414088529275,0.5468737279140008
accepted_current_total,2.115264797507788,1.7183462532299743,1.950261780104712,1.0397727272727273,-0.3969185442778138,-0.9104890528319847,0.5135705085541709
answer_exposure_index_wavg,0.27391105612666417,0.2550499322877616,0.32277284758111185,0.37914969254233055,-0.018861123838902538,0.0563768449612187,-0.07523796880012124
