metric,treated_pre,treated_post,control_pre,control_post,treated_change,control_change,diff_in_diff
ask_questions,0.5751052877866167,0.7671130952380952,0.763211903540277,0.29746018080068876,0.1920078074514785,-0.46575172273958826,0.6577595301910668
ask_high_tag_share,0.27099386471169346,0.5110620984504913,0.5909512000456074,0.1916343808293873,0.24006823373879788,-0.3993168192162201,0.639385052955018
ask_exposure_index_mean,0.20527278376235134,0.251843732623556,0.3249899501521488,0.19809875745028752,0.04657094886120469,-0.1268911927018613,0.173462141563066
answer_count_total,3.419279363593823,1.4548611111111112,1.7644946126218575,1.5841584158415842,-1.9644182524827118,-0.18033619678027324,-1.7840820557024386
accepted_current_total,1.5737014506317266,0.6798115079365079,0.779887121600821,0.690055962117951,-0.8938899426952187,-0.08983115948287002,-0.8040587832123487
answer_exposure_index_wavg,0.36494137105974134,0.36952802954921743,0.32695484338264214,0.37072490840359074,0.004586658489476092,0.0437700650209486,-0.03918340653147251
