result_id,outcome,term,weight,coef,cluster_2way_se,cluster_2way_pval,permutation_coef,permutation_pval,nobs,n_tags,n_months
R1,internal_ai_title_rate,high_tag:post,questions,0.0024069730166773624,0.0008751148687377799,0.005951070726876415,0.0024069730166773615,0.14292853573213393,1147,16,72
R2,internal_ai_title_rate,exposure_index:post,questions,0.0008295603838417325,0.0005115503529791,0.10487631936561702,0.0008295603838417297,0.47426286856571714,1147,16,72
R3,internal_ai_title_rate,high_tag:chatgpt_z,questions,0.0011271414065877863,0.00041354956798265687,0.006419850540981758,0.001127141406587784,0.14992503748125938,1147,16,72
R4_R1_excl_cursor,internal_ai_title_rate_excl_cursor,high_tag:post,questions,0.0016982021247876347,0.0009589345848449542,0.07657301918246386,0.0016982021247876258,0.656671664167916,1147,16,72
R4_R2_excl_cursor,internal_ai_title_rate_excl_cursor,exposure_index:post,questions,0.000533693964941631,0.00044662055026568166,0.23210242053908114,0.0005336939649416323,0.7411294352823589,1147,16,72
R4_R3_excl_cursor,internal_ai_title_rate_excl_cursor,high_tag:chatgpt_z,questions,0.0007863991542263802,0.00045187780626805855,0.08180782682038153,0.0007863991542263839,0.6796601699150425,1147,16,72
