metric,treated_pre,treated_post,control_pre,control_post,treated_change,control_change,diff_in_diff
ask_questions,0.3594306049822064,0.29012345679012347,0.40924092409240925,0.09797297297297297,-0.06930714819208295,-0.3112679511194363,0.24196080292735334
ask_high_tag_share,0.19572953736654805,0.16049382716049382,0.23432343234323433,0.06418918918918919,-0.03523571020605423,-0.17013424315404513,0.1348985329479909
ask_exposure_index_mean,0.363566548862529,0.33902215905646044,0.35689672052570864,0.13688792603545258,-0.024544389806068545,-0.22000879449025607,0.19546440468418752
answer_count_total,5.327402135231317,3.990740740740741,5.01980198019802,3.5033783783783785,-1.336661394490576,-1.5164236018196413,0.17976220732906523
accepted_current_total,2.4056939501779357,1.8117283950617284,1.867986798679868,1.2297297297297298,-0.5939655551162073,-0.6382570689501381,0.04429151383393082
answer_exposure_index_wavg,0.3887477071538542,0.447763098917605,0.40626227197690407,0.4370149050356833,0.05901539176375081,0.030752633058779233,0.02826275870497158
