metric,pre_first_hit_mean,post_first_hit_mean,post_minus_pre
answer_count_total,4.667942583732057,2.5029761904761907,-2.1649663932558667
accepted_current_total,1.8200956937799042,0.8690476190476191,-0.9510480747322851
answer_exposure_index_wavg,0.342874755781756,0.38708642339218224,0.04421166761042622
answer_high_share,0.2479592908744749,0.16980494849454933,-0.07815434237992558
answer_expert_share,0.5776802819071752,0.5466999299719888,-0.030980351935186445
