{
  "n_asker_treated": 1639,
  "n_pairs": 410,
  "n_controls": 346,
  "distance_threshold_q25": 0.5325777477495869,
  "max_abs_smd": 0.20102050625953463
}