{"residual_gap":0.0557283191,"high_exposure_gap":0.0554570893,"trend_rows":112.0}