layer,outcome,term,coef,se,pval,clusters,nobs,leave_one_out_runs,leave_one_out_positive,leave_one_out_negative,leave_one_out_same_sign_share,leave_one_out_min_coef,leave_one_out_max_coef
queue,residual_queue_complexity_index_mean,high_post,0.05512033694139709,0.013244168504046779,3.1566985404996976e-05,16,1147,16,16,0,1.0,0.04325449980419858,0.06144161940877918
resorting,brand_new_platform_share,high_post,0.030050089450070705,0.008853585715612825,0.0006885073473170871,16,1145,16,16,0,1.0,0.025414275042157153,0.03822700986885856
response,first_answer_1d_rate_closure,high_post,-0.03253075449220413,0.010482813974831643,0.001914102180839473,16,1147,16,0,16,1.0,-0.03798904274862832,-0.022324115285959213
settlement,accepted_vote_30d_rate,high_post,0.009133906533247872,0.002893942036226702,0.0015983037997761972,16,1140,16,16,0,1.0,0.007770601399277433,0.011140296047788609
