tag_family,n_tags,mean_exposure_index,mean_brand_new_delta,mean_low_tenure_delta,mean_established_delta,mean_first_answer_delta,mean_accepted_vote_delta
data_scripting,7,0.8273507112807499,0.2989760335527784,-0.20149961922176116,-0.09747641433101717,-0.0585274527846353,0.008613769334242603
application_framework,3,-0.30821377207063333,0.28959335154311944,-0.17545979911337842,-0.11413355242974103,-0.13724236961176106,-0.021496052758147356
systems_infra,6,-0.8111356104588916,0.21644345388941835,-0.13242196570435846,-0.08402148818505979,-0.10801068784561914,-0.010159166142934004
