outcome,shock_month,level_coef,level_se,level_pval,slope_coef,slope_se,slope_pval
mean_log_views,2022-07,0.023215015688848692,0.08973356748235993,0.795858621114034,0.03770148043641604,0.01995373013593618,0.058832193726946515
log_questions,2022-07,0.10847969051439732,0.1037199768913482,0.29561180454543146,-0.05283649654872841,0.03692064960758086,0.1524065643127095
mean_log_views,2022-09,-0.14306530623564134,0.06425819812659056,0.025986511170108344,0.016912222556850546,0.012619028843868898,0.1801751777754972
log_questions,2022-09,0.04989964580794791,0.1353262910060422,0.7123246746933256,-0.054107184978033324,0.02131935979396175,0.011150816115350883
mean_log_views,2022-12,-0.19146007887464772,0.09655047526716352,0.04736686679751643,0.02973392585159617,0.007878053738636407,0.00016047492640673732
log_questions,2022-12,-0.09365567053613194,0.17015500890947405,0.5820355634073051,-0.049470933073895725,0.009840103499650745,4.969647896237502e-07
