specification,outcome,coef,cluster_se,cluster_pval,nobs,n_tags
post_residualization,predicted_exposure_mean,0.014463670984324517,0.0074185677281605675,0.05121687830155618,1409,20
post_gap,response_cert_gap,0.023486948578760842,0.013550034387363871,0.08303352503599461,1395,20
post_accepted30,accepted_30d_rate,-0.01581215122403012,0.012541242086546306,0.20737651153340075,1395,20
external_gap,response_cert_gap,-0.0003882220050300514,0.03698606849772593,0.9916252073080483,1395,20
external_accepted30,accepted_30d_rate,-0.027833689882749105,0.03723664226270423,0.45477314945873615,1395,20
external_first1d,first_answer_1d_rate,-0.026975506412781295,0.03790222112350633,0.4766424683238132,1409,20
