specification,outcome,coef,cluster_se,cluster_pval,nobs,n_tags
post_residualization,predicted_exposure_mean,0.023358642142716695,0.01096821467835999,0.03319913567436145,1391,20
post_gap,response_cert_gap,-0.008067194350685761,0.02492530269020608,0.7461993796935007,1379,20
post_accepted30,accepted_30d_rate,0.017434599551020585,0.018579295477063256,0.3480447290685118,1379,20
external_gap,response_cert_gap,0.0011183872545254205,0.025536632117525753,0.9650674864605944,1379,20
external_accepted30,accepted_30d_rate,-0.024899090390066932,0.03315080450706071,0.4526011686859691,1379,20
external_first1d,first_answer_1d_rate,-0.023942077238938406,0.02808622936265618,0.39396495148553823,1391,20
