entrant_type,n_entrants,mean_tenure_days,mean_prior_posts,mean_prior_answers,mean_prior_questions,share_of_postshock_entrants,exposure_post_coef,exposure_post_pval,subtype_count_total
brand_new_platform,66971,0.0,0.0,0.0,0.0,0.414129796246483,0.0699217254272254,6.547232407069126e-05,66971.0
established_cross_tag,87823,2219.4028964678173,63.0605877731346,50.13429283900573,12.764355578834701,0.5430726896082615,-0.0518883465839398,0.0071094953435681,87823.0
low_tenure_existing,6921,19.131102353053908,2.600491258488658,1.6647883253865048,0.9357029331021529,0.042797514145255545,-0.0180333788432894,0.439852519066875,6921.0
