cluster,focal_tags,mean_exposure_index,min_exposure_index,max_exposure_index,respondent_n,chatgpt_answers_share,stackoverflow_answers_share,private_public_gap,ai_search_saving_share,ai_debugging_share
SQL / analytics,"sql, excel, regex",0.9940810809199091,0.5121987286806099,1.657307329678494,940,0.20638297872340425,0.1372340425531915,0.06914893617021275,0.10319148936170212,0.3074468085106383
Python / data,"python, pandas, numpy, apache-spark",0.7652639908974309,0.3704293899547944,1.1493993062473231,5768,0.21809986130374479,0.1473647711511789,0.07073509015256588,0.12291955617198336,0.28224687933425796
JavaScript / web,"javascript, firebase",-0.1710844896109781,-0.8269317640104322,0.484762784788476,4150,0.22674698795180723,0.12843373493975904,0.09831325301204819,0.12819277108433735,0.2942168674698795
Android / mobile,"android, multithreading, memory-management",-0.7083232949814301,-1.0198880283282128,-0.522609519626134,8427,0.2209564495075353,0.14061943752224992,0.08033701198528537,0.13077014358609232,0.3107867568529726
Shell / infra / cloud,"bash, linux, docker, kubernetes",-0.894040085545801,-2.067518990036933,0.4267372425853595,16009,0.21362983321881443,0.1469798238490849,0.06665000936972953,0.12836529452183146,0.3165719282903367
