specification,term,coef,cluster_pval,cr2_se,cr2_pval,cr2_tstat,cr2_df,wild_cluster_bootstrap_pval,randomization_pval,nobs,n_clusters
durability_return_365d,exposure_index:post_chatgpt,-0.026581652645735202,0.00043004938150928873,0.008009374136422939,0.004674982692854856,-3.318817699482174,15.0,0.06516290726817042,0.12424849699398798,975,16
durability_one_shot_365d,exposure_index:post_chatgpt,0.02658165264573497,0.0004300493815093314,0.008009374136413066,0.004674982692815917,3.3188176994862357,15.0,0.08020050125313283,0.09819639278557114,975,16
role_first_positive_recent90,exposure_index:post_chatgpt,0.02808338982545063,0.002217656174476346,0.009654457881288665,0.010799036343224133,2.9088520733907948,15.0,0.02756892230576441,0.01002004008016032,1159,16
role_top_score_recent90,exposure_index:post_chatgpt,0.02721839621080983,0.00033274568642835823,0.008062640138060103,0.004158696379619899,3.375866433914619,15.0,0.017543859649122806,0.008016032064128256,1161,16
role_asymmetry_first_positive_vs_accepted,exposure_index:post_chatgpt:C(role)[T.first_positive],0.0049052599544517905,0.04227594898179716,0.0027649494652753934,0.09634371156098942,1.7740866572992569,15.0,0.518796992481203,0.03406813627254509,3475,16
bridge_accepted_vote_30d_gap,recent_gap_first_vs_accepted,-0.07522612017702003,0.001852076756397977,0.023885420595360182,0.006613691342904728,-3.149457631557593,15.0,0.007518796992481203,,1134,16
bridge_first_positive_latency_gap,recent_gap_first_vs_accepted,283.903618316414,0.003920754358492048,99.89546140549747,0.012364773026417053,2.842007177523184,15.0,0.010025062656641603,,1138,16
