model,coef,se,pval,nobs,r2
novice_entry_share,0.005759913227238719,0.005063679968360381,0.2553312006042576,1145.0,0.9397713357091652
