variable,mean,std,median
body_word_count,178.00347974534122,169.2816730664541,134.0
code_block_count,1.5118218749367467,1.4179839821827067,1.0
code_char_count,1838.5742187045787,3467.1196286385784,828.0
error_keyword_density,0.0,0.0,0.0
tag_count_full,3.291185348549467,1.1675484834650434,3.0
has_edit,0.5415521645264941,0.4982705334906175,1.0
residual_queue_complexity_index_mean,0.07431837686058708,0.19467251497253424,0.0545603764243722
