model,coef,se,pval,nobs,r2
incumbent_mean_log_answers,-0.33428245316119853,0.19644316132630332,0.0888162744461081,2304.0,0.542216457855518
incumbent_share_active,-0.17818590699320824,0.11074308095674698,0.10761576954963287,2304.0,0.6405923998578524
expert_answer_share,-0.005986797110690194,0.01628953881639183,0.713228163495188,1146.0,0.9478560287187661
novice_entry_share,0.005759913227238728,0.005063679968360383,0.25533120060425696,1145.0,0.9397713357091652
first_answer_1d,0.0031247141114796027,0.008810932044782935,0.7228588660142905,1147.0,0.9449769804135941
accepted_7d,0.008967157367125117,0.00405151258185423,0.02687791224980354,1147.0,0.6236915902328986
accepted_30d,0.011364255806209646,0.00452786778508671,0.012078344890830348,1140.0,0.6025535286105662
postshock_presence,0.04845493681455592,0.020610383258698257,0.018723215071773026,52363.0,0.07104365737473428
