role,coef,se,pval,n_cells,mean_outcome,mean_weight,panel
first_answer,0.017963265424268477,0.011020243100724563,0.10309633485499214,1137,0.3703835216447475,548.6235708003518,common_all4
first_positive,0.021838408386448866,0.011009174014849405,0.04729425957412045,1137,0.35750170259662356,548.6235708003518,common_all4
top_score,0.02284276202112468,0.010878178401388612,0.03574026595362325,1137,0.35321723050302845,548.6235708003518,common_all4
accepted_current,0.020067100773562718,0.011377325315237748,0.0777689974456718,1137,0.35575364018585776,548.6235708003518,common_all4
first_answer,0.017963265424268477,0.011020243100724563,0.10309633485499214,1137,0.3703835216447475,548.6235708003518,common_endorsed_cert
first_positive,0.021838408386448866,0.011009174014849405,0.04729425957412045,1137,0.35750170259662356,548.6235708003518,common_endorsed_cert
top_score,0.02284276202112468,0.010878178401388612,0.03574026595362325,1137,0.35321723050302845,548.6235708003518,common_endorsed_cert
accepted_current,0.020067100773562718,0.011377325315237748,0.0777689974456718,1137,0.35575364018585776,548.6235708003518,common_endorsed_cert
