specification,term,coef,cr2_se,cr2_pval,cr2_tstat,cr2_df,wild_cluster_bootstrap_pval,randomization_pval
incumbent_mean_log_answers,exposure_post_expert,-0.33428245316119853,0.2035259332632227,0.1212885104030272,-1.64245630913711,15.0,0.24812030075187969,0.10420841683366733
incumbent_share_active,exposure_post_expert,-0.17818590699320824,0.11510695894309958,0.14245812109172026,-1.548002906421064,15.0,0.24812030075187969,0.12224448897795591
expert_answer_share,exposure_post,-0.005986797110690194,0.017824133899760262,0.7416123873921847,-0.33588151572238345,15.0,0.706766917293233,0.6132264529058116
novice_entry_share,exposure_post,0.005759913227238728,0.005573853370701066,0.317800047522291,1.033380830847773,15.0,0.40350877192982454,0.5450901803607214
first_answer_1d,exposure_post,0.0031247141114796027,0.009935118534802428,0.7574644220074649,0.3145120111585807,15.0,0.7343358395989975,0.7735470941883767
accepted_7d,exposure_post,0.008967157367125117,0.0047671083684852405,0.07952168427874111,1.88104751853469,15.0,0.002506265664160401,0.008016032064128256
accepted_30d,exposure_post,0.011364255806209646,0.0052801925485041,0.04807005474714446,2.1522426884658183,15.0,0.0,0.01002004008016032
