question_shape_bin,coef,se,pval,nobs,r2,n_bin_rows,n_bin_new_answerers
q1,0.05644457283783858,0.023591690048335695,0.01673121704197797,1120.0,0.9588700500416352,1120,158132.0
q2,0.05958806826125637,0.020360553412084263,0.003426420994499265,1128.0,0.9619430659317224,1130,160044.0
q3,0.06491565121398767,0.018102075782038856,0.0003356746953762731,1129.0,0.9614479478568851,1129,163345.0
q4,0.0654845816106335,0.013907687873552517,2.495258375136572e-06,1131.0,0.9685068739269873,1133,171992.0
