outcome,term,coef,cluster_se,cluster_pval,nobs,n_clusters,n_settings
response_cert_gap,exposure_index:post_chatgpt,-0.0060329916580961936,0.0046888238221981,0.19820764486049458,3912,56,3
response_cert_gap,exposure_index:chatgpt_z,-0.0025270001853424876,0.0022622180552266382,0.2639749304261789,3912,56,3
accepted_30d_rate,exposure_index:post_chatgpt,0.0024757177426748336,0.0034289306413270502,0.47028913080876833,3912,56,3
accepted_30d_rate,exposure_index:chatgpt_z,0.0010280752958931223,0.0016369121180368907,0.5299661276248546,3912,56,3
first_answer_1d_rate,exposure_index:post_chatgpt,-0.0035613165500591164,0.004838010601060618,0.46166268004017663,3945,56,3
first_answer_1d_rate,exposure_index:chatgpt_z,-0.0015010227209486652,0.002274440496841286,0.5092843037114256,3945,56,3
