row,coef,sd_outcome,std_effect
First-vs-accepted gap -> accepted votes in 30 days,-0.0752,0.05700021338673041,-1.3192933066721901
First-vs-accepted gap -> time to first positive answer,283.903618,238.36673267861516,1.1910370831100046
Recent entrants in the first positive role,0.0280833898254505,0.20199941635138208,0.13902708400205907
Recent entrants in the top-score role,0.0272183962108098,0.18716914124340953,0.14542138746799532
Return within 365 days,-0.0265816526457352,0.44497653874687537,-0.0597372003490192
One-shot participation within 365 days,0.0265816526457349,0.4449765387468753,0.059737200349018534
