group,n_questions,share,mean_score,mean_view_count,mean_answer_count,accepted_archive_rate,mean_selected_tag_overlap,mean_tag_count_full,mean_body_word_count,mean_code_block_count,mean_error_keyword_density,share_has_edit
single_focal_kept,2035885,0.8767773940583349,0.6928127079869443,1161.9167261412113,1.1748959297799237,0.42551519363814755,1.0,3.24407812818504,177.6076291146111,1.4712648307738403,0.0,0.5394165191059417
excluded_multi_tag,286124,0.12322260594166518,0.6808901035914499,917.7139596818163,1.2535718779270526,0.5138611231494038,2.0646013616473975,3.626371782863374,180.8201129580182,1.8004012246438608,0.0,0.5567481231913436
