specification,term,coef,cluster_se,cluster_pval,wild_cluster_pval,observed_t,successful_draws,reps_requested
panel_segmented_mean_log_views_level_break,high_tag:post_chatgpt,-0.19146007887464772,0.09655047526716352,0.04736686679751643,0.07107107107107107,-1.983005037985169,999,999
panel_segmented_mean_log_views_post_slope,high_tag:time_post,0.02973392585159617,0.007878053738636407,0.00016047492640673732,0.026026026026026026,3.774273042308892,999,999
panel_baseline_log_questions,high_post,-0.3192618342403499,0.11795314212201648,0.006795899448402371,0.06606606606606606,-2.706683590591337,999,999
panel_segmented_log_questions_post_slope,high_tag:time_post,-0.049470933073895725,0.009840103499650745,4.969647896237502e-07,0.016016016016016016,-5.027480968635299,999,999
policy_accepted_rate,high_post_policy,-0.06631277269674107,0.04844983367231105,0.1710963921188703,0.2782782782782783,-1.3686893776611382,999,999
